donor_id,AGTR1_detect,n_cells
homosapiens_None_2023_None_sikkemalisa_002_d10_1101_2022_03_10_483747001C,0,0
homosapiens_None_2023_None_sikkemalisa_002_d10_1101_2022_03_10_483747001C,1,0
homosapiens_None_2023_None_sikkemalisa_002_d10_1101_2022_03_10_483747002C,0,0
homosapiens_None_2023_None_sikkemalisa_002_d10_1101_2022_03_10_483747002C,1,0
homosapiens_None_2023_None_sikkemalisa_002_d10_1101_2022_03_10_483747003C,0,0
homosapiens_None_2023_None_sikkemalisa_002_d10_1101_2022_03_10_483747003C,1,0
homosapiens_None_2023_None_sikkemalisa_002_d10_1101_2022_03_10_483747010I,0,0
homosapiens_None_2023_None_sikkemalisa_002_d10_1101_2022_03_10_483747010I,1,0
homosapiens_None_2023_None_sikkemalisa_002_d10_1101_2022_03_10_483747021I,0,0
homosapiens_None_2023_None_sikkemalisa_002_d10_1101_2022_03_10_483747021I,1,0
homosapiens_None_2023_None_sikkemalisa_002_d10_1101_2022_03_10_483747022I,0,0
homosapiens_None_2023_None_sikkemalisa_002_d10_1101_2022_03_10_483747022I,1,0
homosapiens_None_2023_None_sikkemalisa_002_d10_1101_2022_03_10_483747025I,0,0
homosapiens_None_2023_None_sikkemalisa_002_d10_1101_2022_03_10_483747025I,1,0
homosapiens_None_2023_None_sikkemalisa_002_d10_1101_2022_03_10_483747034C,0,0
homosapiens_None_2023_None_sikkemalisa_002_d10_1101_2022_03_10_483747034C,1,0
homosapiens_None_2023_None_sikkemalisa_002_d10_1101_2022_03_10_483747034I,0,0
homosapiens_None_2023_None_sikkemalisa_002_d10_1101_2022_03_10_483747034I,1,0
homosapiens_None_2023_None_sikkemalisa_002_d10_1101_2022_03_10_483747040I,0,0
homosapiens_None_2023_None_sikkemalisa_002_d10_1101_2022_03_10_483747040I,1,0
homosapiens_None_2023_None_sikkemalisa_002_d10_1101_2022_03_10_483747041I,0,0
homosapiens_None_2023_None_sikkemalisa_002_d10_1101_2022_03_10_483747041I,1,0
homosapiens_None_2023_None_sikkemalisa_002_d10_1101_2022_03_10_483747051I,0,0
homosapiens_None_2023_None_sikkemalisa_002_d10_1101_2022_03_10_483747051I,1,0
homosapiens_None_2023_None_sikkemalisa_002_d10_1101_2022_03_10_483747052CO,0,0
homosapiens_None_2023_None_sikkemalisa_002_d10_1101_2022_03_10_483747052CO,1,0
homosapiens_None_2023_None_sikkemalisa_002_d10_1101_2022_03_10_483747053I,0,0
homosapiens_None_2023_None_sikkemalisa_002_d10_1101_2022_03_10_483747053I,1,0
homosapiens_None_2023_None_sikkemalisa_002_d10_1101_2022_03_10_483747056CO,0,0
homosapiens_None_2023_None_sikkemalisa_002_d10_1101_2022_03_10_483747056CO,1,0
homosapiens_None_2023_None_sikkemalisa_002_d10_1101_2022_03_10_483747063I,0,0
homosapiens_None_2023_None_sikkemalisa_002_d10_1101_2022_03_10_483747063I,1,0
homosapiens_None_2023_None_sikkemalisa_002_d10_1101_2022_03_10_483747065C,0,0
homosapiens_None_2023_None_sikkemalisa_002_d10_1101_2022_03_10_483747065C,1,0
homosapiens_None_2023_None_sikkemalisa_002_d10_1101_2022_03_10_483747081C,0,0
homosapiens_None_2023_None_sikkemalisa_002_d10_1101_2022_03_10_483747081C,1,0
homosapiens_None_2023_None_sikkemalisa_002_d10_1101_2022_03_10_483747084C,0,0
homosapiens_None_2023_None_sikkemalisa_002_d10_1101_2022_03_10_483747084C,1,0
homosapiens_None_2023_None_sikkemalisa_002_d10_1101_2022_03_10_483747092C,0,0
homosapiens_None_2023_None_sikkemalisa_002_d10_1101_2022_03_10_483747092C,1,0
homosapiens_None_2023_None_sikkemalisa_002_d10_1101_2022_03_10_483747098C,0,0
homosapiens_None_2023_None_sikkemalisa_002_d10_1101_2022_03_10_483747098C,1,0
homosapiens_None_2023_None_sikkemalisa_002_d10_1101_2022_03_10_483747101CV0ng,0,0
homosapiens_None_2023_None_sikkemalisa_002_d10_1101_2022_03_10_483747101CV0ng,1,0
homosapiens_None_2023_None_sikkemalisa_002_d10_1101_2022_03_10_483747123I,0,0
homosapiens_None_2023_None_sikkemalisa_002_d10_1101_2022_03_10_483747123I,1,0
homosapiens_None_2023_None_sikkemalisa_002_d10_1101_2022_03_10_483747133C,0,0
homosapiens_None_2023_None_sikkemalisa_002_d10_1101_2022_03_10_483747133C,1,0
homosapiens_None_2023_None_sikkemalisa_002_d10_1101_2022_03_10_483747135I,0,0
homosapiens_None_2023_None_sikkemalisa_002_d10_1101_2022_03_10_483747135I,1,0
homosapiens_None_2023_None_sikkemalisa_002_d10_1101_2022_03_10_4837471372C,0,0
homosapiens_None_2023_None_sikkemalisa_002_d10_1101_2022_03_10_4837471372C,1,0
homosapiens_None_2023_None_sikkemalisa_002_d10_1101_2022_03_10_483747137C,0,0
homosapiens_None_2023_None_sikkemalisa_002_d10_1101_2022_03_10_483747137C,1,0
homosapiens_None_2023_None_sikkemalisa_002_d10_1101_2022_03_10_483747137CO,0,0
homosapiens_None_2023_None_sikkemalisa_002_d10_1101_2022_03_10_483747137CO,1,0
homosapiens_None_2023_None_sikkemalisa_002_d10_1101_2022_03_10_483747138I,0,0
homosapiens_None_2023_None_sikkemalisa_002_d10_1101_2022_03_10_483747138I,1,0
homosapiens_None_2023_None_sikkemalisa_002_d10_1101_2022_03_10_483747145I,0,0
homosapiens_None_2023_None_sikkemalisa_002_d10_1101_2022_03_10_483747145I,1,0
homosapiens_None_2023_None_sikkemalisa_002_d10_1101_2022_03_10_483747152CO,0,0
homosapiens_None_2023_None_sikkemalisa_002_d10_1101_2022_03_10_483747152CO,1,0
homosapiens_None_2023_None_sikkemalisa_002_d10_1101_2022_03_10_483747153CO,0,0
homosapiens_None_2023_None_sikkemalisa_002_d10_1101_2022_03_10_483747153CO,1,0
homosapiens_None_2023_None_sikkemalisa_002_d10_1101_2022_03_10_483747157I,0,0
homosapiens_None_2023_None_sikkemalisa_002_d10_1101_2022_03_10_483747157I,1,0
homosapiens_None_2023_None_sikkemalisa_002_d10_1101_2022_03_10_483747158I,0,0
homosapiens_None_2023_None_sikkemalisa_002_d10_1101_2022_03_10_483747158I,1,0
homosapiens_None_2023_None_sikkemalisa_002_d10_1101_2022_03_10_483747160C,0,0
homosapiens_None_2023_None_sikkemalisa_002_d10_1101_2022_03_10_483747160C,1,0
homosapiens_None_2023_None_sikkemalisa_002_d10_1101_2022_03_10_483747166I,0,0
homosapiens_None_2023_None_sikkemalisa_002_d10_1101_2022_03_10_483747166I,1,0
homosapiens_None_2023_None_sikkemalisa_002_d10_1101_2022_03_10_48374716E0F2ng,0,6
homosapiens_None_2023_None_sikkemalisa_002_d10_1101_2022_03_10_48374716E0F2ng,1,6
homosapiens_None_2023_None_sikkemalisa_002_d10_1101_2022_03_10_483747174I,0,0
homosapiens_None_2023_None_sikkemalisa_002_d10_1101_2022_03_10_483747174I,1,0
homosapiens_None_2023_None_sikkemalisa_002_d10_1101_2022_03_10_483747177I,0,0
homosapiens_None_2023_None_sikkemalisa_002_d10_1101_2022_03_10_483747177I,1,0
homosapiens_None_2023_None_sikkemalisa_002_d10_1101_2022_03_10_483747178CO,0,0
homosapiens_None_2023_None_sikkemalisa_002_d10_1101_2022_03_10_483747178CO,1,0
homosapiens_None_2023_None_sikkemalisa_002_d10_1101_2022_03_10_483747179I,0,0
homosapiens_None_2023_None_sikkemalisa_002_d10_1101_2022_03_10_483747179I,1,0
homosapiens_None_2023_None_sikkemalisa_002_d10_1101_2022_03_10_483747184CO,0,0
homosapiens_None_2023_None_sikkemalisa_002_d10_1101_2022_03_10_483747184CO,1,0
homosapiens_None_2023_None_sikkemalisa_002_d10_1101_2022_03_10_483747186CO,0,0
homosapiens_None_2023_None_sikkemalisa_002_d10_1101_2022_03_10_483747186CO,1,0
homosapiens_None_2023_None_sikkemalisa_002_d10_1101_2022_03_10_483747192C,0,0
homosapiens_None_2023_None_sikkemalisa_002_d10_1101_2022_03_10_483747192C,1,0
homosapiens_None_2023_None_sikkemalisa_002_d10_1101_2022_03_10_483747192CO,0,0
homosapiens_None_2023_None_sikkemalisa_002_d10_1101_2022_03_10_483747192CO,1,0
homosapiens_None_2023_None_sikkemalisa_002_d10_1101_2022_03_10_483747193CO,0,0
homosapiens_None_2023_None_sikkemalisa_002_d10_1101_2022_03_10_483747193CO,1,0
homosapiens_None_2023_None_sikkemalisa_002_d10_1101_2022_03_10_483747194CO,0,0
homosapiens_None_2023_None_sikkemalisa_002_d10_1101_2022_03_10_483747194CO,1,0
homosapiens_None_2023_None_sikkemalisa_002_d10_1101_2022_03_10_4837471A1DFBng,0,0
homosapiens_None_2023_None_sikkemalisa_002_d10_1101_2022_03_10_4837471A1DFBng,1,0
homosapiens_None_2023_None_sikkemalisa_002_d10_1101_2022_03_10_483747207CO,0,0
homosapiens_None_2023_None_sikkemalisa_002_d10_1101_2022_03_10_483747207CO,1,0
homosapiens_None_2023_None_sikkemalisa_002_d10_1101_2022_03_10_483747208C,0,0
homosapiens_None_2023_None_sikkemalisa_002_d10_1101_2022_03_10_483747208C,1,0
homosapiens_None_2023_None_sikkemalisa_002_d10_1101_2022_03_10_483747209I,0,0
homosapiens_None_2023_None_sikkemalisa_002_d10_1101_2022_03_10_483747209I,1,0
homosapiens_None_2023_None_sikkemalisa_002_d10_1101_2022_03_10_483747210I,0,0
homosapiens_None_2023_None_sikkemalisa_002_d10_1101_2022_03_10_483747210I,1,0
homosapiens_None_2023_None_sikkemalisa_002_d10_1101_2022_03_10_483747212I,0,0
homosapiens_None_2023_None_sikkemalisa_002_d10_1101_2022_03_10_483747212I,1,0
homosapiens_None_2023_None_sikkemalisa_002_d10_1101_2022_03_10_483747214I,0,0
homosapiens_None_2023_None_sikkemalisa_002_d10_1101_2022_03_10_483747214I,1,0
homosapiens_None_2023_None_sikkemalisa_002_d10_1101_2022_03_10_483747217CO,0,0
homosapiens_None_2023_None_sikkemalisa_002_d10_1101_2022_03_10_483747217CO,1,0
homosapiens_None_2023_None_sikkemalisa_002_d10_1101_2022_03_10_483747218C,0,0
homosapiens_None_2023_None_sikkemalisa_002_d10_1101_2022_03_10_483747218C,1,0
homosapiens_None_2023_None_sikkemalisa_002_d10_1101_2022_03_10_483747221I,0,0
homosapiens_None_2023_None_sikkemalisa_002_d10_1101_2022_03_10_483747221I,1,0
homosapiens_None_2023_None_sikkemalisa_002_d10_1101_2022_03_10_483747222C,0,0
homosapiens_None_2023_None_sikkemalisa_002_d10_1101_2022_03_10_483747222C,1,0
homosapiens_None_2023_None_sikkemalisa_002_d10_1101_2022_03_10_483747222I,0,0
homosapiens_None_2023_None_sikkemalisa_002_d10_1101_2022_03_10_483747222I,1,0
homosapiens_None_2023_None_sikkemalisa_002_d10_1101_2022_03_10_483747225I,0,0
homosapiens_None_2023_None_sikkemalisa_002_d10_1101_2022_03_10_483747225I,1,0
homosapiens_None_2023_None_sikkemalisa_002_d10_1101_2022_03_10_483747226C,0,0
homosapiens_None_2023_None_sikkemalisa_002_d10_1101_2022_03_10_483747226C,1,0
homosapiens_None_2023_None_sikkemalisa_002_d10_1101_2022_03_10_483747228I,0,0
homosapiens_None_2023_None_sikkemalisa_002_d10_1101_2022_03_10_483747228I,1,0
homosapiens_None_2023_None_sikkemalisa_002_d10_1101_2022_03_10_483747235CO,0,0
homosapiens_None_2023_None_sikkemalisa_002_d10_1101_2022_03_10_483747235CO,1,0
homosapiens_None_2023_None_sikkemalisa_002_d10_1101_2022_03_10_483747237CO,0,0
homosapiens_None_2023_None_sikkemalisa_002_d10_1101_2022_03_10_483747237CO,1,0
homosapiens_None_2023_None_sikkemalisa_002_d10_1101_2022_03_10_483747238CO,0,0
homosapiens_None_2023_None_sikkemalisa_002_d10_1101_2022_03_10_483747238CO,1,0
homosapiens_None_2023_None_sikkemalisa_002_d10_1101_2022_03_10_48374723CO,0,0
homosapiens_None_2023_None_sikkemalisa_002_d10_1101_2022_03_10_48374723CO,1,0
homosapiens_None_2023_None_sikkemalisa_002_d10_1101_2022_03_10_483747244C,0,0
homosapiens_None_2023_None_sikkemalisa_002_d10_1101_2022_03_10_483747244C,1,0
homosapiens_None_2023_None_sikkemalisa_002_d10_1101_2022_03_10_483747253C,0,0
homosapiens_None_2023_None_sikkemalisa_002_d10_1101_2022_03_10_483747253C,1,0
homosapiens_None_2023_None_sikkemalisa_002_d10_1101_2022_03_10_483747284C,0,0
homosapiens_None_2023_None_sikkemalisa_002_d10_1101_2022_03_10_483747284C,1,0
homosapiens_None_2023_None_sikkemalisa_002_d10_1101_2022_03_10_483747290B,0,0
homosapiens_None_2023_None_sikkemalisa_002_d10_1101_2022_03_10_483747290B,1,0
homosapiens_None_2023_None_sikkemalisa_002_d10_1101_2022_03_10_483747292B,0,0
homosapiens_None_2023_None_sikkemalisa_002_d10_1101_2022_03_10_483747292B,1,0
homosapiens_None_2023_None_sikkemalisa_002_d10_1101_2022_03_10_483747296C,0,0
homosapiens_None_2023_None_sikkemalisa_002_d10_1101_2022_03_10_483747296C,1,0
homosapiens_None_2023_None_sikkemalisa_002_d10_1101_2022_03_10_483747298C,0,0
homosapiens_None_2023_None_sikkemalisa_002_d10_1101_2022_03_10_483747298C,1,0
homosapiens_None_2023_None_sikkemalisa_002_d10_1101_2022_03_10_48374729I,0,0
homosapiens_None_2023_None_sikkemalisa_002_d10_1101_2022_03_10_48374729I,1,0
homosapiens_None_2023_None_sikkemalisa_002_d10_1101_2022_03_10_483747302C,0,0
homosapiens_None_2023_None_sikkemalisa_002_d10_1101_2022_03_10_483747302C,1,0
homosapiens_None_2023_None_sikkemalisa_002_d10_1101_2022_03_10_483747356C,0,0
homosapiens_None_2023_None_sikkemalisa_002_d10_1101_2022_03_10_483747356C,1,0
homosapiens_None_2023_None_sikkemalisa_002_d10_1101_2022_03_10_483747368C,0,14
homosapiens_None_2023_None_sikkemalisa_002_d10_1101_2022_03_10_483747368C,1,2
homosapiens_None_2023_None_sikkemalisa_002_d10_1101_2022_03_10_483747388C,0,0
homosapiens_None_2023_None_sikkemalisa_002_d10_1101_2022_03_10_483747388C,1,0
homosapiens_None_2023_None_sikkemalisa_002_d10_1101_2022_03_10_483747390C,0,0
homosapiens_None_2023_None_sikkemalisa_002_d10_1101_2022_03_10_483747390C,1,0
homosapiens_None_2023_None_sikkemalisa_002_d10_1101_2022_03_10_483747396C,0,0
homosapiens_None_2023_None_sikkemalisa_002_d10_1101_2022_03_10_483747396C,1,0
homosapiens_None_2023_None_sikkemalisa_002_d10_1101_2022_03_10_483747439C,0,0
homosapiens_None_2023_None_sikkemalisa_002_d10_1101_2022_03_10_483747439C,1,0
homosapiens_None_2023_None_sikkemalisa_002_d10_1101_2022_03_10_483747454C,0,0
homosapiens_None_2023_None_sikkemalisa_002_d10_1101_2022_03_10_483747454C,1,0
homosapiens_None_2023_None_sikkemalisa_002_d10_1101_2022_03_10_483747465C,0,0
homosapiens_None_2023_None_sikkemalisa_002_d10_1101_2022_03_10_483747465C,1,0
homosapiens_None_2023_None_sikkemalisa_002_d10_1101_2022_03_10_48374747I,0,0
homosapiens_None_2023_None_sikkemalisa_002_d10_1101_2022_03_10_48374747I,1,0
homosapiens_None_2023_None_sikkemalisa_002_d10_1101_2022_03_10_483747483C,0,0
homosapiens_None_2023_None_sikkemalisa_002_d10_1101_2022_03_10_483747483C,1,0
homosapiens_None_2023_None_sikkemalisa_002_d10_1101_2022_03_10_483747484C,0,0
homosapiens_None_2023_None_sikkemalisa_002_d10_1101_2022_03_10_483747484C,1,0
homosapiens_None_2023_None_sikkemalisa_002_d10_1101_2022_03_10_48374749I,0,0
homosapiens_None_2023_None_sikkemalisa_002_d10_1101_2022_03_10_48374749I,1,0
homosapiens_None_2023_None_sikkemalisa_002_d10_1101_2022_03_10_48374759I,0,0
homosapiens_None_2023_None_sikkemalisa_002_d10_1101_2022_03_10_48374759I,1,0
homosapiens_None_2023_None_sikkemalisa_002_d10_1101_2022_03_10_4837478CO,0,0
homosapiens_None_2023_None_sikkemalisa_002_d10_1101_2022_03_10_4837478CO,1,0
homosapiens_None_2023_None_sikkemalisa_002_d10_1101_2022_03_10_4837479JQK55ng,0,0
homosapiens_None_2023_None_sikkemalisa_002_d10_1101_2022_03_10_4837479JQK55ng,1,0
homosapiens_None_2023_None_sikkemalisa_002_d10_1101_2022_03_10_483747A26,0,227
homosapiens_None_2023_None_sikkemalisa_002_d10_1101_2022_03_10_483747A26,1,145
homosapiens_None_2023_None_sikkemalisa_002_d10_1101_2022_03_10_483747A32,0,0
homosapiens_None_2023_None_sikkemalisa_002_d10_1101_2022_03_10_483747A32,1,0
homosapiens_None_2023_None_sikkemalisa_002_d10_1101_2022_03_10_483747A37,0,6
homosapiens_None_2023_None_sikkemalisa_002_d10_1101_2022_03_10_483747A37,1,7
homosapiens_None_2023_None_sikkemalisa_002_d10_1101_2022_03_10_483747A40,0,11
homosapiens_None_2023_None_sikkemalisa_002_d10_1101_2022_03_10_483747A40,1,3
homosapiens_None_2023_None_sikkemalisa_002_d10_1101_2022_03_10_483747A43,0,378
homosapiens_None_2023_None_sikkemalisa_002_d10_1101_2022_03_10_483747A43,1,176
homosapiens_None_2023_None_sikkemalisa_002_d10_1101_2022_03_10_483747A44,0,77
homosapiens_None_2023_None_sikkemalisa_002_d10_1101_2022_03_10_483747A44,1,53
homosapiens_None_2023_None_sikkemalisa_002_d10_1101_2022_03_10_483747A47,0,0
homosapiens_None_2023_None_sikkemalisa_002_d10_1101_2022_03_10_483747A47,1,0
homosapiens_None_2023_None_sikkemalisa_002_d10_1101_2022_03_10_483747A9LCTZng,0,8
homosapiens_None_2023_None_sikkemalisa_002_d10_1101_2022_03_10_483747A9LCTZng,1,8
homosapiens_None_2023_None_sikkemalisa_002_d10_1101_2022_03_10_483747BAL002,0,0
homosapiens_None_2023_None_sikkemalisa_002_d10_1101_2022_03_10_483747BAL002,1,0
homosapiens_None_2023_None_sikkemalisa_002_d10_1101_2022_03_10_483747BAL010,0,0
homosapiens_None_2023_None_sikkemalisa_002_d10_1101_2022_03_10_483747BAL010,1,0
homosapiens_None_2023_None_sikkemalisa_002_d10_1101_2022_03_10_483747BAL011,0,0
homosapiens_None_2023_None_sikkemalisa_002_d10_1101_2022_03_10_483747BAL011,1,0
homosapiens_None_2023_None_sikkemalisa_002_d10_1101_2022_03_10_483747BAL016,0,0
homosapiens_None_2023_None_sikkemalisa_002_d10_1101_2022_03_10_483747BAL016,1,0
homosapiens_None_2023_None_sikkemalisa_002_d10_1101_2022_03_10_483747BAL019,0,0
homosapiens_None_2023_None_sikkemalisa_002_d10_1101_2022_03_10_483747BAL019,1,0
homosapiens_None_2023_None_sikkemalisa_002_d10_1101_2022_03_10_483747BAL020,0,0
homosapiens_None_2023_None_sikkemalisa_002_d10_1101_2022_03_10_483747BAL020,1,0
homosapiens_None_2023_None_sikkemalisa_002_d10_1101_2022_03_10_483747BAL022,0,0
homosapiens_None_2023_None_sikkemalisa_002_d10_1101_2022_03_10_483747BAL022,1,0
homosapiens_None_2023_None_sikkemalisa_002_d10_1101_2022_03_10_483747BAL023,0,0
homosapiens_None_2023_None_sikkemalisa_002_d10_1101_2022_03_10_483747BAL023,1,0
homosapiens_None_2023_None_sikkemalisa_002_d10_1101_2022_03_10_483747BAL029,0,0
homosapiens_None_2023_None_sikkemalisa_002_d10_1101_2022_03_10_483747BAL029,1,0
homosapiens_None_2023_None_sikkemalisa_002_d10_1101_2022_03_10_483747BAL031,0,0
homosapiens_None_2023_None_sikkemalisa_002_d10_1101_2022_03_10_483747BAL031,1,0
homosapiens_None_2023_None_sikkemalisa_002_d10_1101_2022_03_10_483747BAL033,0,0
homosapiens_None_2023_None_sikkemalisa_002_d10_1101_2022_03_10_483747BAL033,1,0
homosapiens_None_2023_None_sikkemalisa_002_d10_1101_2022_03_10_483747BAL040,0,0
homosapiens_None_2023_None_sikkemalisa_002_d10_1101_2022_03_10_483747BAL040,1,0
homosapiens_None_2023_None_sikkemalisa_002_d10_1101_2022_03_10_483747BG9_12,0,0
homosapiens_None_2023_None_sikkemalisa_002_d10_1101_2022_03_10_483747BG9_12,1,0
homosapiens_None_2023_None_sikkemalisa_002_d10_1101_2022_03_10_483747BG9_20,0,0
homosapiens_None_2023_None_sikkemalisa_002_d10_1101_2022_03_10_483747BG9_20,1,0
homosapiens_None_2023_None_sikkemalisa_002_d10_1101_2022_03_10_483747BG9_22,0,0
homosapiens_None_2023_None_sikkemalisa_002_d10_1101_2022_03_10_483747BG9_22,1,0
homosapiens_None_2023_None_sikkemalisa_002_d10_1101_2022_03_10_483747BG9_27,0,0
homosapiens_None_2023_None_sikkemalisa_002_d10_1101_2022_03_10_483747BG9_27,1,0
homosapiens_None_2023_None_sikkemalisa_002_d10_1101_2022_03_10_483747BG9_31,0,0
homosapiens_None_2023_None_sikkemalisa_002_d10_1101_2022_03_10_483747BG9_31,1,0
homosapiens_None_2023_None_sikkemalisa_002_d10_1101_2022_03_10_483747BG9_33,0,0
homosapiens_None_2023_None_sikkemalisa_002_d10_1101_2022_03_10_483747BG9_33,1,0
homosapiens_None_2023_None_sikkemalisa_002_d10_1101_2022_03_10_483747BG9_34,0,0
homosapiens_None_2023_None_sikkemalisa_002_d10_1101_2022_03_10_483747BG9_34,1,0
homosapiens_None_2023_None_sikkemalisa_002_d10_1101_2022_03_10_483747BG9_7,0,0
homosapiens_None_2023_None_sikkemalisa_002_d10_1101_2022_03_10_483747BG9_7,1,0
homosapiens_None_2023_None_sikkemalisa_002_d10_1101_2022_03_10_483747Case_1,0,190
homosapiens_None_2023_None_sikkemalisa_002_d10_1101_2022_03_10_483747Case_1,1,101
homosapiens_None_2023_None_sikkemalisa_002_d10_1101_2022_03_10_483747Cryobiopsy_01,0,0
homosapiens_None_2023_None_sikkemalisa_002_d10_1101_2022_03_10_483747Cryobiopsy_01,1,0
homosapiens_None_2023_None_sikkemalisa_002_d10_1101_2022_03_10_483747D032,0,58
homosapiens_None_2023_None_sikkemalisa_002_d10_1101_2022_03_10_483747D032,1,12
homosapiens_None_2023_None_sikkemalisa_002_d10_1101_2022_03_10_483747D046,0,82
homosapiens_None_2023_None_sikkemalisa_002_d10_1101_2022_03_10_483747D046,1,14
homosapiens_None_2023_None_sikkemalisa_002_d10_1101_2022_03_10_483747D062,0,92
homosapiens_None_2023_None_sikkemalisa_002_d10_1101_2022_03_10_483747D062,1,22
homosapiens_None_2023_None_sikkemalisa_002_d10_1101_2022_03_10_483747D088,0,310
homosapiens_None_2023_None_sikkemalisa_002_d10_1101_2022_03_10_483747D088,1,12
homosapiens_None_2023_None_sikkemalisa_002_d10_1101_2022_03_10_483747D1,0,0
homosapiens_None_2023_None_sikkemalisa_002_d10_1101_2022_03_10_483747D1,1,0
homosapiens_None_2023_None_sikkemalisa_002_d10_1101_2022_03_10_483747D10,0,0
homosapiens_None_2023_None_sikkemalisa_002_d10_1101_2022_03_10_483747D10,1,0
homosapiens_None_2023_None_sikkemalisa_002_d10_1101_2022_03_10_483747D11,0,0
homosapiens_None_2023_None_sikkemalisa_002_d10_1101_2022_03_10_483747D11,1,0
homosapiens_None_2023_None_sikkemalisa_002_d10_1101_2022_03_10_483747D12,0,0
homosapiens_None_2023_None_sikkemalisa_002_d10_1101_2022_03_10_483747D12,1,0
homosapiens_None_2023_None_sikkemalisa_002_d10_1101_2022_03_10_483747D122,0,23
homosapiens_None_2023_None_sikkemalisa_002_d10_1101_2022_03_10_483747D122,1,9
homosapiens_None_2023_None_sikkemalisa_002_d10_1101_2022_03_10_483747D13,0,0
homosapiens_None_2023_None_sikkemalisa_002_d10_1101_2022_03_10_483747D13,1,0
homosapiens_None_2023_None_sikkemalisa_002_d10_1101_2022_03_10_483747D139,0,26
homosapiens_None_2023_None_sikkemalisa_002_d10_1101_2022_03_10_483747D139,1,26
homosapiens_None_2023_None_sikkemalisa_002_d10_1101_2022_03_10_483747D14,0,0
homosapiens_None_2023_None_sikkemalisa_002_d10_1101_2022_03_10_483747D14,1,0
homosapiens_None_2023_None_sikkemalisa_002_d10_1101_2022_03_10_483747D15,0,0
homosapiens_None_2023_None_sikkemalisa_002_d10_1101_2022_03_10_483747D15,1,0
homosapiens_None_2023_None_sikkemalisa_002_d10_1101_2022_03_10_483747D150,0,74
homosapiens_None_2023_None_sikkemalisa_002_d10_1101_2022_03_10_483747D150,1,15
homosapiens_None_2023_None_sikkemalisa_002_d10_1101_2022_03_10_483747D16,0,0
homosapiens_None_2023_None_sikkemalisa_002_d10_1101_2022_03_10_483747D16,1,0
homosapiens_None_2023_None_sikkemalisa_002_d10_1101_2022_03_10_483747D17,0,0
homosapiens_None_2023_None_sikkemalisa_002_d10_1101_2022_03_10_483747D17,1,0
homosapiens_None_2023_None_sikkemalisa_002_d10_1101_2022_03_10_483747D175,0,9
homosapiens_None_2023_None_sikkemalisa_002_d10_1101_2022_03_10_483747D175,1,2
homosapiens_None_2023_None_sikkemalisa_002_d10_1101_2022_03_10_483747D2,0,0
homosapiens_None_2023_None_sikkemalisa_002_d10_1101_2022_03_10_483747D2,1,0
homosapiens_None_2023_None_sikkemalisa_002_d10_1101_2022_03_10_483747D231,0,9
homosapiens_None_2023_None_sikkemalisa_002_d10_1101_2022_03_10_483747D231,1,2
homosapiens_None_2023_None_sikkemalisa_002_d10_1101_2022_03_10_483747D239,0,383
homosapiens_None_2023_None_sikkemalisa_002_d10_1101_2022_03_10_483747D239,1,603
homosapiens_None_2023_None_sikkemalisa_002_d10_1101_2022_03_10_483747D3,0,0
homosapiens_None_2023_None_sikkemalisa_002_d10_1101_2022_03_10_483747D3,1,0
homosapiens_None_2023_None_sikkemalisa_002_d10_1101_2022_03_10_483747D322,0,0
homosapiens_None_2023_None_sikkemalisa_002_d10_1101_2022_03_10_483747D322,1,0
homosapiens_None_2023_None_sikkemalisa_002_d10_1101_2022_03_10_483747D326,0,0
homosapiens_None_2023_None_sikkemalisa_002_d10_1101_2022_03_10_483747D326,1,0
homosapiens_None_2023_None_sikkemalisa_002_d10_1101_2022_03_10_483747D339,0,0
homosapiens_None_2023_None_sikkemalisa_002_d10_1101_2022_03_10_483747D339,1,0
homosapiens_None_2023_None_sikkemalisa_002_d10_1101_2022_03_10_483747D344,0,0
homosapiens_None_2023_None_sikkemalisa_002_d10_1101_2022_03_10_483747D344,1,0
homosapiens_None_2023_None_sikkemalisa_002_d10_1101_2022_03_10_483747D353,0,0
homosapiens_None_2023_None_sikkemalisa_002_d10_1101_2022_03_10_483747D353,1,0
homosapiens_None_2023_None_sikkemalisa_002_d10_1101_2022_03_10_483747D354,0,0
homosapiens_None_2023_None_sikkemalisa_002_d10_1101_2022_03_10_483747D354,1,0
homosapiens_None_2023_None_sikkemalisa_002_d10_1101_2022_03_10_483747D363,0,0
homosapiens_None_2023_None_sikkemalisa_002_d10_1101_2022_03_10_483747D363,1,0
homosapiens_None_2023_None_sikkemalisa_002_d10_1101_2022_03_10_483747D367,0,0
homosapiens_None_2023_None_sikkemalisa_002_d10_1101_2022_03_10_483747D367,1,0
homosapiens_None_2023_None_sikkemalisa_002_d10_1101_2022_03_10_483747D372,0,0
homosapiens_None_2023_None_sikkemalisa_002_d10_1101_2022_03_10_483747D372,1,0
homosapiens_None_2023_None_sikkemalisa_002_d10_1101_2022_03_10_483747D4,0,0
homosapiens_None_2023_None_sikkemalisa_002_d10_1101_2022_03_10_483747D4,1,0
homosapiens_None_2023_None_sikkemalisa_002_d10_1101_2022_03_10_483747D5,0,0
homosapiens_None_2023_None_sikkemalisa_002_d10_1101_2022_03_10_483747D5,1,0
homosapiens_None_2023_None_sikkemalisa_002_d10_1101_2022_03_10_483747D6,0,0
homosapiens_None_2023_None_sikkemalisa_002_d10_1101_2022_03_10_483747D6,1,0
homosapiens_None_2023_None_sikkemalisa_002_d10_1101_2022_03_10_483747D7,0,0
homosapiens_None_2023_None_sikkemalisa_002_d10_1101_2022_03_10_483747D7,1,0
homosapiens_None_2023_None_sikkemalisa_002_d10_1101_2022_03_10_483747D8,0,0
homosapiens_None_2023_None_sikkemalisa_002_d10_1101_2022_03_10_483747D8,1,0
homosapiens_None_2023_None_sikkemalisa_002_d10_1101_2022_03_10_483747DD046Q,0,6
homosapiens_None_2023_None_sikkemalisa_002_d10_1101_2022_03_10_483747DD046Q,1,3
homosapiens_None_2023_None_sikkemalisa_002_d10_1101_2022_03_10_483747DD047Q,0,3
homosapiens_None_2023_None_sikkemalisa_002_d10_1101_2022_03_10_483747DD047Q,1,1
homosapiens_None_2023_None_sikkemalisa_002_d10_1101_2022_03_10_483747DD073R,0,21
homosapiens_None_2023_None_sikkemalisa_002_d10_1101_2022_03_10_483747DD073R,1,31
homosapiens_None_2023_None_sikkemalisa_002_d10_1101_2022_03_10_483747Donor_01,0,0
homosapiens_None_2023_None_sikkemalisa_002_d10_1101_2022_03_10_483747Donor_01,1,0
homosapiens_None_2023_None_sikkemalisa_002_d10_1101_2022_03_10_483747Donor_02,0,0
homosapiens_None_2023_None_sikkemalisa_002_d10_1101_2022_03_10_483747Donor_02,1,0
homosapiens_None_2023_None_sikkemalisa_002_d10_1101_2022_03_10_483747Donor_03,0,0
homosapiens_None_2023_None_sikkemalisa_002_d10_1101_2022_03_10_483747Donor_03,1,0
homosapiens_None_2023_None_sikkemalisa_002_d10_1101_2022_03_10_483747Donor_04,0,0
homosapiens_None_2023_None_sikkemalisa_002_d10_1101_2022_03_10_483747Donor_04,1,0
homosapiens_None_2023_None_sikkemalisa_002_d10_1101_2022_03_10_483747Donor_05,0,0
homosapiens_None_2023_None_sikkemalisa_002_d10_1101_2022_03_10_483747Donor_05,1,0
homosapiens_None_2023_None_sikkemalisa_002_d10_1101_2022_03_10_483747Donor_06,0,0
homosapiens_None_2023_None_sikkemalisa_002_d10_1101_2022_03_10_483747Donor_06,1,0
homosapiens_None_2023_None_sikkemalisa_002_d10_1101_2022_03_10_483747Donor_07,0,0
homosapiens_None_2023_None_sikkemalisa_002_d10_1101_2022_03_10_483747Donor_07,1,0
homosapiens_None_2023_None_sikkemalisa_002_d10_1101_2022_03_10_483747Donor_08,0,0
homosapiens_None_2023_None_sikkemalisa_002_d10_1101_2022_03_10_483747Donor_08,1,0
homosapiens_None_2023_None_sikkemalisa_002_d10_1101_2022_03_10_483747GRO-01,0,0
homosapiens_None_2023_None_sikkemalisa_002_d10_1101_2022_03_10_483747GRO-01,1,0
homosapiens_None_2023_None_sikkemalisa_002_d10_1101_2022_03_10_483747GRO-02,0,0
homosapiens_None_2023_None_sikkemalisa_002_d10_1101_2022_03_10_483747GRO-02,1,0
homosapiens_None_2023_None_sikkemalisa_002_d10_1101_2022_03_10_483747GRO-03,0,0
homosapiens_None_2023_None_sikkemalisa_002_d10_1101_2022_03_10_483747GRO-03,1,0
homosapiens_None_2023_None_sikkemalisa_002_d10_1101_2022_03_10_483747GRO-04,0,0
homosapiens_None_2023_None_sikkemalisa_002_d10_1101_2022_03_10_483747GRO-04,1,0
homosapiens_None_2023_None_sikkemalisa_002_d10_1101_2022_03_10_483747GRO-06,0,0
homosapiens_None_2023_None_sikkemalisa_002_d10_1101_2022_03_10_483747GRO-06,1,0
homosapiens_None_2023_None_sikkemalisa_002_d10_1101_2022_03_10_483747GRO-07,0,0
homosapiens_None_2023_None_sikkemalisa_002_d10_1101_2022_03_10_483747GRO-07,1,0
homosapiens_None_2023_None_sikkemalisa_002_d10_1101_2022_03_10_483747GRO-08,0,0
homosapiens_None_2023_None_sikkemalisa_002_d10_1101_2022_03_10_483747GRO-08,1,0
homosapiens_None_2023_None_sikkemalisa_002_d10_1101_2022_03_10_483747GRO-09,0,0
homosapiens_None_2023_None_sikkemalisa_002_d10_1101_2022_03_10_483747GRO-09,1,0
homosapiens_None_2023_None_sikkemalisa_002_d10_1101_2022_03_10_483747GRO-10,0,0
homosapiens_None_2023_None_sikkemalisa_002_d10_1101_2022_03_10_483747GRO-10,1,0
homosapiens_None_2023_None_sikkemalisa_002_d10_1101_2022_03_10_483747GRO-11,0,0
homosapiens_None_2023_None_sikkemalisa_002_d10_1101_2022_03_10_483747GRO-11,1,0
homosapiens_None_2023_None_sikkemalisa_002_d10_1101_2022_03_10_483747HP_01,0,0
homosapiens_None_2023_None_sikkemalisa_002_d10_1101_2022_03_10_483747HP_01,1,0
homosapiens_None_2023_None_sikkemalisa_002_d10_1101_2022_03_10_483747IPF1,0,0
homosapiens_None_2023_None_sikkemalisa_002_d10_1101_2022_03_10_483747IPF1,1,0
homosapiens_None_2023_None_sikkemalisa_002_d10_1101_2022_03_10_483747IPF2,0,0
homosapiens_None_2023_None_sikkemalisa_002_d10_1101_2022_03_10_483747IPF2,1,0
homosapiens_None_2023_None_sikkemalisa_002_d10_1101_2022_03_10_483747IPF3,0,0
homosapiens_None_2023_None_sikkemalisa_002_d10_1101_2022_03_10_483747IPF3,1,0
homosapiens_None_2023_None_sikkemalisa_002_d10_1101_2022_03_10_483747IPF_01,0,0
homosapiens_None_2023_None_sikkemalisa_002_d10_1101_2022_03_10_483747IPF_01,1,0
homosapiens_None_2023_None_sikkemalisa_002_d10_1101_2022_03_10_483747IPF_02,0,0
homosapiens_None_2023_None_sikkemalisa_002_d10_1101_2022_03_10_483747IPF_02,1,0
homosapiens_None_2023_None_sikkemalisa_002_d10_1101_2022_03_10_483747IPF_03,0,0
homosapiens_None_2023_None_sikkemalisa_002_d10_1101_2022_03_10_483747IPF_03,1,0
homosapiens_None_2023_None_sikkemalisa_002_d10_1101_2022_03_10_483747IPF_04,0,0
homosapiens_None_2023_None_sikkemalisa_002_d10_1101_2022_03_10_483747IPF_04,1,0
homosapiens_None_2023_None_sikkemalisa_002_d10_1101_2022_03_10_483747JVV9L8ng,0,12
homosapiens_None_2023_None_sikkemalisa_002_d10_1101_2022_03_10_483747JVV9L8ng,1,12
homosapiens_None_2023_None_sikkemalisa_002_d10_1101_2022_03_10_483747KJYDM1ng,0,0
homosapiens_None_2023_None_sikkemalisa_002_d10_1101_2022_03_10_483747KJYDM1ng,1,0
homosapiens_None_2023_None_sikkemalisa_002_d10_1101_2022_03_10_483747KKCFFT32N,0,0
homosapiens_None_2023_None_sikkemalisa_002_d10_1101_2022_03_10_483747KKCFFT32N,1,0
homosapiens_None_2023_None_sikkemalisa_002_d10_1101_2022_03_10_483747KKD022N,0,0
homosapiens_None_2023_None_sikkemalisa_002_d10_1101_2022_03_10_483747KKD022N,1,0
homosapiens_None_2023_None_sikkemalisa_002_d10_1101_2022_03_10_483747KKD023N,0,0
homosapiens_None_2023_None_sikkemalisa_002_d10_1101_2022_03_10_483747KKD023N,1,0
homosapiens_None_2023_None_sikkemalisa_002_d10_1101_2022_03_10_483747LuT_437,0,0
homosapiens_None_2023_None_sikkemalisa_002_d10_1101_2022_03_10_483747LuT_437,1,0
homosapiens_None_2023_None_sikkemalisa_002_d10_1101_2022_03_10_483747LuT_553,0,0
homosapiens_None_2023_None_sikkemalisa_002_d10_1101_2022_03_10_483747LuT_553,1,0
homosapiens_None_2023_None_sikkemalisa_002_d10_1101_2022_03_10_483747LuT_580,0,0
homosapiens_None_2023_None_sikkemalisa_002_d10_1101_2022_03_10_483747LuT_580,1,0
homosapiens_None_2023_None_sikkemalisa_002_d10_1101_2022_03_10_483747Myositis-ILD_01,0,0
homosapiens_None_2023_None_sikkemalisa_002_d10_1101_2022_03_10_483747Myositis-ILD_01,1,0
homosapiens_None_2023_None_sikkemalisa_002_d10_1101_2022_03_10_483747ND15656,0,0
homosapiens_None_2023_None_sikkemalisa_002_d10_1101_2022_03_10_483747ND15656,1,0
homosapiens_None_2023_None_sikkemalisa_002_d10_1101_2022_03_10_483747ND17494,0,0
homosapiens_None_2023_None_sikkemalisa_002_d10_1101_2022_03_10_483747ND17494,1,0
homosapiens_None_2023_None_sikkemalisa_002_d10_1101_2022_03_10_483747NML1,0,0
homosapiens_None_2023_None_sikkemalisa_002_d10_1101_2022_03_10_483747NML1,1,0
homosapiens_None_2023_None_sikkemalisa_002_d10_1101_2022_03_10_483747NML2,0,0
homosapiens_None_2023_None_sikkemalisa_002_d10_1101_2022_03_10_483747NML2,1,0
homosapiens_None_2023_None_sikkemalisa_002_d10_1101_2022_03_10_483747NML3,0,0
homosapiens_None_2023_None_sikkemalisa_002_d10_1101_2022_03_10_483747NML3,1,0
homosapiens_None_2023_None_sikkemalisa_002_d10_1101_2022_03_10_483747NP13,0,0
homosapiens_None_2023_None_sikkemalisa_002_d10_1101_2022_03_10_483747NP13,1,0
homosapiens_None_2023_None_sikkemalisa_002_d10_1101_2022_03_10_483747NP15,0,0
homosapiens_None_2023_None_sikkemalisa_002_d10_1101_2022_03_10_483747NP15,1,0
homosapiens_None_2023_None_sikkemalisa_002_d10_1101_2022_03_10_483747NP16,0,0
homosapiens_None_2023_None_sikkemalisa_002_d10_1101_2022_03_10_483747NP16,1,0
homosapiens_None_2023_None_sikkemalisa_002_d10_1101_2022_03_10_483747NP18,0,0
homosapiens_None_2023_None_sikkemalisa_002_d10_1101_2022_03_10_483747NP18,1,0
homosapiens_None_2023_None_sikkemalisa_002_d10_1101_2022_03_10_483747NP19,0,0
homosapiens_None_2023_None_sikkemalisa_002_d10_1101_2022_03_10_483747NP19,1,0
homosapiens_None_2023_None_sikkemalisa_002_d10_1101_2022_03_10_483747NP20,0,0
homosapiens_None_2023_None_sikkemalisa_002_d10_1101_2022_03_10_483747NP20,1,0
homosapiens_None_2023_None_sikkemalisa_002_d10_1101_2022_03_10_483747NP26,0,0
homosapiens_None_2023_None_sikkemalisa_002_d10_1101_2022_03_10_483747NP26,1,0
homosapiens_None_2023_None_sikkemalisa_002_d10_1101_2022_03_10_483747NP27,0,0
homosapiens_None_2023_None_sikkemalisa_002_d10_1101_2022_03_10_483747NP27,1,0
homosapiens_None_2023_None_sikkemalisa_002_d10_1101_2022_03_10_483747NP30,0,0
homosapiens_None_2023_None_sikkemalisa_002_d10_1101_2022_03_10_483747NP30,1,0
homosapiens_None_2023_None_sikkemalisa_002_d10_1101_2022_03_10_483747NP31,0,0
homosapiens_None_2023_None_sikkemalisa_002_d10_1101_2022_03_10_483747NP31,1,0
homosapiens_None_2023_None_sikkemalisa_002_d10_1101_2022_03_10_483747NP32,0,0
homosapiens_None_2023_None_sikkemalisa_002_d10_1101_2022_03_10_483747NP32,1,0
homosapiens_None_2023_None_sikkemalisa_002_d10_1101_2022_03_10_483747NP36,0,0
homosapiens_None_2023_None_sikkemalisa_002_d10_1101_2022_03_10_483747NP36,1,0
homosapiens_None_2023_None_sikkemalisa_002_d10_1101_2022_03_10_483747NP38,0,0
homosapiens_None_2023_None_sikkemalisa_002_d10_1101_2022_03_10_483747NP38,1,0
homosapiens_None_2023_None_sikkemalisa_002_d10_1101_2022_03_10_483747NP43,0,0
homosapiens_None_2023_None_sikkemalisa_002_d10_1101_2022_03_10_483747NP43,1,0
homosapiens_None_2023_None_sikkemalisa_002_d10_1101_2022_03_10_483747NP44,0,0
homosapiens_None_2023_None_sikkemalisa_002_d10_1101_2022_03_10_483747NP44,1,0
homosapiens_None_2023_None_sikkemalisa_002_d10_1101_2022_03_10_483747NP47,0,0
homosapiens_None_2023_None_sikkemalisa_002_d10_1101_2022_03_10_483747NP47,1,0
homosapiens_None_2023_None_sikkemalisa_002_d10_1101_2022_03_10_483747NU_CZI01,0,509
homosapiens_None_2023_None_sikkemalisa_002_d10_1101_2022_03_10_483747NU_CZI01,1,322
homosapiens_None_2023_None_sikkemalisa_002_d10_1101_2022_03_10_483747NU_CZI02,0,64
homosapiens_None_2023_None_sikkemalisa_002_d10_1101_2022_03_10_483747NU_CZI02,1,29
homosapiens_None_2023_None_sikkemalisa_002_d10_1101_2022_03_10_483747ODGS1Mng,0,0
homosapiens_None_2023_None_sikkemalisa_002_d10_1101_2022_03_10_483747ODGS1Mng,1,0
homosapiens_None_2023_None_sikkemalisa_002_d10_1101_2022_03_10_483747PMB_1,0,227
homosapiens_None_2023_None_sikkemalisa_002_d10_1101_2022_03_10_483747PMB_1,1,47
homosapiens_None_2023_None_sikkemalisa_002_d10_1101_2022_03_10_483747PMB_2,0,49
homosapiens_None_2023_None_sikkemalisa_002_d10_1101_2022_03_10_483747PMB_2,1,13
homosapiens_None_2023_None_sikkemalisa_002_d10_1101_2022_03_10_483747Patient_1,0,29
homosapiens_None_2023_None_sikkemalisa_002_d10_1101_2022_03_10_483747Patient_1,1,27
homosapiens_None_2023_None_sikkemalisa_002_d10_1101_2022_03_10_483747Patient_2,0,0
homosapiens_None_2023_None_sikkemalisa_002_d10_1101_2022_03_10_483747Patient_2,1,0
homosapiens_None_2023_None_sikkemalisa_002_d10_1101_2022_03_10_483747Patient_3,0,27
homosapiens_None_2023_None_sikkemalisa_002_d10_1101_2022_03_10_483747Patient_3,1,28
homosapiens_None_2023_None_sikkemalisa_002_d10_1101_2022_03_10_483747Patient_4,0,2
homosapiens_None_2023_None_sikkemalisa_002_d10_1101_2022_03_10_483747Patient_4,1,2
homosapiens_None_2023_None_sikkemalisa_002_d10_1101_2022_03_10_483747Patient_5,0,0
homosapiens_None_2023_None_sikkemalisa_002_d10_1101_2022_03_10_483747Patient_5,1,0
homosapiens_None_2023_None_sikkemalisa_002_d10_1101_2022_03_10_483747Patient_6,0,0
homosapiens_None_2023_None_sikkemalisa_002_d10_1101_2022_03_10_483747Patient_6,1,0
homosapiens_None_2023_None_sikkemalisa_002_d10_1101_2022_03_10_483747Patient_7,0,0
homosapiens_None_2023_None_sikkemalisa_002_d10_1101_2022_03_10_483747Patient_7,1,0
homosapiens_None_2023_None_sikkemalisa_002_d10_1101_2022_03_10_483747QZY9VQng,0,0
homosapiens_None_2023_None_sikkemalisa_002_d10_1101_2022_03_10_483747QZY9VQng,1,0
homosapiens_None_2023_None_sikkemalisa_002_d10_1101_2022_03_10_483747RU653,0,0
homosapiens_None_2023_None_sikkemalisa_002_d10_1101_2022_03_10_483747RU653,1,0
homosapiens_None_2023_None_sikkemalisa_002_d10_1101_2022_03_10_483747RU661,0,0
homosapiens_None_2023_None_sikkemalisa_002_d10_1101_2022_03_10_483747RU661,1,0
homosapiens_None_2023_None_sikkemalisa_002_d10_1101_2022_03_10_483747RU675,0,0
homosapiens_None_2023_None_sikkemalisa_002_d10_1101_2022_03_10_483747RU675,1,0
homosapiens_None_2023_None_sikkemalisa_002_d10_1101_2022_03_10_483747RU676,0,0
homosapiens_None_2023_None_sikkemalisa_002_d10_1101_2022_03_10_483747RU676,1,0
homosapiens_None_2023_None_sikkemalisa_002_d10_1101_2022_03_10_483747RU679,0,0
homosapiens_None_2023_None_sikkemalisa_002_d10_1101_2022_03_10_483747RU679,1,0
homosapiens_None_2023_None_sikkemalisa_002_d10_1101_2022_03_10_483747RU680,0,0
homosapiens_None_2023_None_sikkemalisa_002_d10_1101_2022_03_10_483747RU680,1,0
homosapiens_None_2023_None_sikkemalisa_002_d10_1101_2022_03_10_483747RU682,0,0
homosapiens_None_2023_None_sikkemalisa_002_d10_1101_2022_03_10_483747RU682,1,0
homosapiens_None_2023_None_sikkemalisa_002_d10_1101_2022_03_10_483747RU684,0,0
homosapiens_None_2023_None_sikkemalisa_002_d10_1101_2022_03_10_483747RU684,1,0
homosapiens_None_2023_None_sikkemalisa_002_d10_1101_2022_03_10_483747RU685,0,0
homosapiens_None_2023_None_sikkemalisa_002_d10_1101_2022_03_10_483747RU685,1,0
homosapiens_None_2023_None_sikkemalisa_002_d10_1101_2022_03_10_483747S1,0,0
homosapiens_None_2023_None_sikkemalisa_002_d10_1101_2022_03_10_483747S1,1,0
homosapiens_None_2023_None_sikkemalisa_002_d10_1101_2022_03_10_483747S2,0,0
homosapiens_None_2023_None_sikkemalisa_002_d10_1101_2022_03_10_483747S2,1,0
homosapiens_None_2023_None_sikkemalisa_002_d10_1101_2022_03_10_483747S4,0,0
homosapiens_None_2023_None_sikkemalisa_002_d10_1101_2022_03_10_483747S4,1,0
homosapiens_None_2023_None_sikkemalisa_002_d10_1101_2022_03_10_483747S4ECX8ng,0,0
homosapiens_None_2023_None_sikkemalisa_002_d10_1101_2022_03_10_483747S4ECX8ng,1,0
homosapiens_None_2023_None_sikkemalisa_002_d10_1101_2022_03_10_483747SAMN12574693,0,0
homosapiens_None_2023_None_sikkemalisa_002_d10_1101_2022_03_10_483747SAMN12574693,1,0
homosapiens_None_2023_None_sikkemalisa_002_d10_1101_2022_03_10_483747SAMN12574699,0,2
homosapiens_None_2023_None_sikkemalisa_002_d10_1101_2022_03_10_483747SAMN12574699,1,2
homosapiens_None_2023_None_sikkemalisa_002_d10_1101_2022_03_10_483747SCD1,0,0
homosapiens_None_2023_None_sikkemalisa_002_d10_1101_2022_03_10_483747SCD1,1,0
homosapiens_None_2023_None_sikkemalisa_002_d10_1101_2022_03_10_483747SCD2,0,0
homosapiens_None_2023_None_sikkemalisa_002_d10_1101_2022_03_10_483747SCD2,1,0
homosapiens_None_2023_None_sikkemalisa_002_d10_1101_2022_03_10_483747SHMI57ng,0,0
homosapiens_None_2023_None_sikkemalisa_002_d10_1101_2022_03_10_483747SHMI57ng,1,0
homosapiens_None_2023_None_sikkemalisa_002_d10_1101_2022_03_10_483747SSc-ILD_01,0,0
homosapiens_None_2023_None_sikkemalisa_002_d10_1101_2022_03_10_483747SSc-ILD_01,1,0
homosapiens_None_2023_None_sikkemalisa_002_d10_1101_2022_03_10_483747SSc-ILD_02,0,0
homosapiens_None_2023_None_sikkemalisa_002_d10_1101_2022_03_10_483747SSc-ILD_02,1,0
homosapiens_None_2023_None_sikkemalisa_002_d10_1101_2022_03_10_483747SSc_1,0,8
homosapiens_None_2023_None_sikkemalisa_002_d10_1101_2022_03_10_483747SSc_1,1,5
homosapiens_None_2023_None_sikkemalisa_002_d10_1101_2022_03_10_483747SSc_2,0,50
homosapiens_None_2023_None_sikkemalisa_002_d10_1101_2022_03_10_483747SSc_2,1,55
homosapiens_None_2023_None_sikkemalisa_002_d10_1101_2022_03_10_483747SSc_3,0,6
homosapiens_None_2023_None_sikkemalisa_002_d10_1101_2022_03_10_483747SSc_3,1,37
homosapiens_None_2023_None_sikkemalisa_002_d10_1101_2022_03_10_483747SSc_4,0,58
homosapiens_None_2023_None_sikkemalisa_002_d10_1101_2022_03_10_483747SSc_4,1,28
homosapiens_None_2023_None_sikkemalisa_002_d10_1101_2022_03_10_483747Shalek2018_subject_298,0,0
homosapiens_None_2023_None_sikkemalisa_002_d10_1101_2022_03_10_483747Shalek2018_subject_298,1,0
homosapiens_None_2023_None_sikkemalisa_002_d10_1101_2022_03_10_483747Shalek2018_subject_299,0,0
homosapiens_None_2023_None_sikkemalisa_002_d10_1101_2022_03_10_483747Shalek2018_subject_299,1,0
homosapiens_None_2023_None_sikkemalisa_002_d10_1101_2022_03_10_483747Shalek2018_subject_305,0,0
homosapiens_None_2023_None_sikkemalisa_002_d10_1101_2022_03_10_483747Shalek2018_subject_305,1,0
homosapiens_None_2023_None_sikkemalisa_002_d10_1101_2022_03_10_483747Shalek2018_subject_310,0,0
homosapiens_None_2023_None_sikkemalisa_002_d10_1101_2022_03_10_483747Shalek2018_subject_310,1,0
homosapiens_None_2023_None_sikkemalisa_002_d10_1101_2022_03_10_483747Shalek2018_subject_312,0,0
homosapiens_None_2023_None_sikkemalisa_002_d10_1101_2022_03_10_483747Shalek2018_subject_312,1,0
homosapiens_None_2023_None_sikkemalisa_002_d10_1101_2022_03_10_483747Shalek2018_subject_316,0,0
homosapiens_None_2023_None_sikkemalisa_002_d10_1101_2022_03_10_483747Shalek2018_subject_316,1,0
homosapiens_None_2023_None_sikkemalisa_002_d10_1101_2022_03_10_483747Shalek2018_subject_317,0,0
homosapiens_None_2023_None_sikkemalisa_002_d10_1101_2022_03_10_483747Shalek2018_subject_317,1,0
homosapiens_None_2023_None_sikkemalisa_002_d10_1101_2022_03_10_483747Shalek2018_subject_318,0,0
homosapiens_None_2023_None_sikkemalisa_002_d10_1101_2022_03_10_483747Shalek2018_subject_318,1,0
homosapiens_None_2023_None_sikkemalisa_002_d10_1101_2022_03_10_483747Shalek2018_subject_320,0,0
homosapiens_None_2023_None_sikkemalisa_002_d10_1101_2022_03_10_483747Shalek2018_subject_320,1,0
homosapiens_None_2023_None_sikkemalisa_002_d10_1101_2022_03_10_483747Shalek2018_subject_321,0,0
homosapiens_None_2023_None_sikkemalisa_002_d10_1101_2022_03_10_483747Shalek2018_subject_321,1,0
homosapiens_None_2023_None_sikkemalisa_002_d10_1101_2022_03_10_483747Shalek2018_subject_361,0,0
homosapiens_None_2023_None_sikkemalisa_002_d10_1101_2022_03_10_483747Shalek2018_subject_361,1,0
homosapiens_None_2023_None_sikkemalisa_002_d10_1101_2022_03_10_483747T120,0,0
homosapiens_None_2023_None_sikkemalisa_002_d10_1101_2022_03_10_483747T120,1,0
homosapiens_None_2023_None_sikkemalisa_002_d10_1101_2022_03_10_483747T121,0,0
homosapiens_None_2023_None_sikkemalisa_002_d10_1101_2022_03_10_483747T121,1,0
homosapiens_None_2023_None_sikkemalisa_002_d10_1101_2022_03_10_483747T153,0,0
homosapiens_None_2023_None_sikkemalisa_002_d10_1101_2022_03_10_483747T153,1,0
homosapiens_None_2023_None_sikkemalisa_002_d10_1101_2022_03_10_483747T164,0,0
homosapiens_None_2023_None_sikkemalisa_002_d10_1101_2022_03_10_483747T164,1,0
homosapiens_None_2023_None_sikkemalisa_002_d10_1101_2022_03_10_483747T167,0,0
homosapiens_None_2023_None_sikkemalisa_002_d10_1101_2022_03_10_483747T167,1,0
homosapiens_None_2023_None_sikkemalisa_002_d10_1101_2022_03_10_483747T85,0,0
homosapiens_None_2023_None_sikkemalisa_002_d10_1101_2022_03_10_483747T85,1,0
homosapiens_None_2023_None_sikkemalisa_002_d10_1101_2022_03_10_483747T89,0,0
homosapiens_None_2023_None_sikkemalisa_002_d10_1101_2022_03_10_483747T89,1,0
homosapiens_None_2023_None_sikkemalisa_002_d10_1101_2022_03_10_483747T90,0,0
homosapiens_None_2023_None_sikkemalisa_002_d10_1101_2022_03_10_483747T90,1,0
homosapiens_None_2023_None_sikkemalisa_002_d10_1101_2022_03_10_483747THD0001,0,0
homosapiens_None_2023_None_sikkemalisa_002_d10_1101_2022_03_10_483747THD0001,1,0
homosapiens_None_2023_None_sikkemalisa_002_d10_1101_2022_03_10_483747THD0005,0,0
homosapiens_None_2023_None_sikkemalisa_002_d10_1101_2022_03_10_483747THD0005,1,0
homosapiens_None_2023_None_sikkemalisa_002_d10_1101_2022_03_10_483747THD0006,0,0
homosapiens_None_2023_None_sikkemalisa_002_d10_1101_2022_03_10_483747THD0006,1,0
homosapiens_None_2023_None_sikkemalisa_002_d10_1101_2022_03_10_483747THD0007,0,0
homosapiens_None_2023_None_sikkemalisa_002_d10_1101_2022_03_10_483747THD0007,1,0
homosapiens_None_2023_None_sikkemalisa_002_d10_1101_2022_03_10_483747THD0008,0,0
homosapiens_None_2023_None_sikkemalisa_002_d10_1101_2022_03_10_483747THD0008,1,0
homosapiens_None_2023_None_sikkemalisa_002_d10_1101_2022_03_10_483747THD0009,0,0
homosapiens_None_2023_None_sikkemalisa_002_d10_1101_2022_03_10_483747THD0009,1,0
homosapiens_None_2023_None_sikkemalisa_002_d10_1101_2022_03_10_483747THD0010,0,0
homosapiens_None_2023_None_sikkemalisa_002_d10_1101_2022_03_10_483747THD0010,1,0
homosapiens_None_2023_None_sikkemalisa_002_d10_1101_2022_03_10_483747THD0012,0,0
homosapiens_None_2023_None_sikkemalisa_002_d10_1101_2022_03_10_483747THD0012,1,0
homosapiens_None_2023_None_sikkemalisa_002_d10_1101_2022_03_10_483747THD0014,0,0
homosapiens_None_2023_None_sikkemalisa_002_d10_1101_2022_03_10_483747THD0014,1,0
homosapiens_None_2023_None_sikkemalisa_002_d10_1101_2022_03_10_483747THD0015,0,0
homosapiens_None_2023_None_sikkemalisa_002_d10_1101_2022_03_10_483747THD0015,1,0
homosapiens_None_2023_None_sikkemalisa_002_d10_1101_2022_03_10_483747THD0017,0,0
homosapiens_None_2023_None_sikkemalisa_002_d10_1101_2022_03_10_483747THD0017,1,0
homosapiens_None_2023_None_sikkemalisa_002_d10_1101_2022_03_10_483747THD0019,0,0
homosapiens_None_2023_None_sikkemalisa_002_d10_1101_2022_03_10_483747THD0019,1,0
homosapiens_None_2023_None_sikkemalisa_002_d10_1101_2022_03_10_483747THD0020,0,0
homosapiens_None_2023_None_sikkemalisa_002_d10_1101_2022_03_10_483747THD0020,1,0
homosapiens_None_2023_None_sikkemalisa_002_d10_1101_2022_03_10_483747TILD001,0,0
homosapiens_None_2023_None_sikkemalisa_002_d10_1101_2022_03_10_483747TILD001,1,0
homosapiens_None_2023_None_sikkemalisa_002_d10_1101_2022_03_10_483747TILD006,0,0
homosapiens_None_2023_None_sikkemalisa_002_d10_1101_2022_03_10_483747TILD006,1,0
homosapiens_None_2023_None_sikkemalisa_002_d10_1101_2022_03_10_483747TILD010,0,0
homosapiens_None_2023_None_sikkemalisa_002_d10_1101_2022_03_10_483747TILD010,1,0
homosapiens_None_2023_None_sikkemalisa_002_d10_1101_2022_03_10_483747TILD015,0,0
homosapiens_None_2023_None_sikkemalisa_002_d10_1101_2022_03_10_483747TILD015,1,0
homosapiens_None_2023_None_sikkemalisa_002_d10_1101_2022_03_10_483747TILD019,0,0
homosapiens_None_2023_None_sikkemalisa_002_d10_1101_2022_03_10_483747TILD019,1,0
homosapiens_None_2023_None_sikkemalisa_002_d10_1101_2022_03_10_483747TILD028,0,0
homosapiens_None_2023_None_sikkemalisa_002_d10_1101_2022_03_10_483747TILD028,1,0
homosapiens_None_2023_None_sikkemalisa_002_d10_1101_2022_03_10_483747TILD030,0,0
homosapiens_None_2023_None_sikkemalisa_002_d10_1101_2022_03_10_483747TILD030,1,0
homosapiens_None_2023_None_sikkemalisa_002_d10_1101_2022_03_10_483747VUHD071,0,0
homosapiens_None_2023_None_sikkemalisa_002_d10_1101_2022_03_10_483747VUHD071,1,0
homosapiens_None_2023_None_sikkemalisa_002_d10_1101_2022_03_10_483747VUHD072,0,0
homosapiens_None_2023_None_sikkemalisa_002_d10_1101_2022_03_10_483747VUHD072,1,0
homosapiens_None_2023_None_sikkemalisa_002_d10_1101_2022_03_10_483747VUHD073,0,0
homosapiens_None_2023_None_sikkemalisa_002_d10_1101_2022_03_10_483747VUHD073,1,0
homosapiens_None_2023_None_sikkemalisa_002_d10_1101_2022_03_10_483747VUHD076,0,0
homosapiens_None_2023_None_sikkemalisa_002_d10_1101_2022_03_10_483747VUHD076,1,0
homosapiens_None_2023_None_sikkemalisa_002_d10_1101_2022_03_10_483747VUHD077,0,0
homosapiens_None_2023_None_sikkemalisa_002_d10_1101_2022_03_10_483747VUHD077,1,0
homosapiens_None_2023_None_sikkemalisa_002_d10_1101_2022_03_10_483747VUHD078,0,0
homosapiens_None_2023_None_sikkemalisa_002_d10_1101_2022_03_10_483747VUHD078,1,0
homosapiens_None_2023_None_sikkemalisa_002_d10_1101_2022_03_10_483747VUHD080,0,0
homosapiens_None_2023_None_sikkemalisa_002_d10_1101_2022_03_10_483747VUHD080,1,0
homosapiens_None_2023_None_sikkemalisa_002_d10_1101_2022_03_10_483747VUHD101,0,4
homosapiens_None_2023_None_sikkemalisa_002_d10_1101_2022_03_10_483747VUHD101,1,11
homosapiens_None_2023_None_sikkemalisa_002_d10_1101_2022_03_10_483747VUHD103,0,0
homosapiens_None_2023_None_sikkemalisa_002_d10_1101_2022_03_10_483747VUHD103,1,0
homosapiens_None_2023_None_sikkemalisa_002_d10_1101_2022_03_10_483747VUHD104,0,14
homosapiens_None_2023_None_sikkemalisa_002_d10_1101_2022_03_10_483747VUHD104,1,3
homosapiens_None_2023_None_sikkemalisa_002_d10_1101_2022_03_10_483747VUHD105,0,0
homosapiens_None_2023_None_sikkemalisa_002_d10_1101_2022_03_10_483747VUHD105,1,0
homosapiens_None_2023_None_sikkemalisa_002_d10_1101_2022_03_10_483747VUHD106,0,0
homosapiens_None_2023_None_sikkemalisa_002_d10_1101_2022_03_10_483747VUHD106,1,0
homosapiens_None_2023_None_sikkemalisa_002_d10_1101_2022_03_10_483747VUHD107,0,0
homosapiens_None_2023_None_sikkemalisa_002_d10_1101_2022_03_10_483747VUHD107,1,0
homosapiens_None_2023_None_sikkemalisa_002_d10_1101_2022_03_10_483747VUHD66,0,5
homosapiens_None_2023_None_sikkemalisa_002_d10_1101_2022_03_10_483747VUHD66,1,1
homosapiens_None_2023_None_sikkemalisa_002_d10_1101_2022_03_10_483747VUHD67,0,25
homosapiens_None_2023_None_sikkemalisa_002_d10_1101_2022_03_10_483747VUHD67,1,18
homosapiens_None_2023_None_sikkemalisa_002_d10_1101_2022_03_10_483747VUHD68,0,48
homosapiens_None_2023_None_sikkemalisa_002_d10_1101_2022_03_10_483747VUHD68,1,57
homosapiens_None_2023_None_sikkemalisa_002_d10_1101_2022_03_10_483747VUHD69,0,2
homosapiens_None_2023_None_sikkemalisa_002_d10_1101_2022_03_10_483747VUHD69,1,2
homosapiens_None_2023_None_sikkemalisa_002_d10_1101_2022_03_10_483747VUHD70,0,2
homosapiens_None_2023_None_sikkemalisa_002_d10_1101_2022_03_10_483747VUHD70,1,2
homosapiens_None_2023_None_sikkemalisa_002_d10_1101_2022_03_10_483747VUHD84,0,0
homosapiens_None_2023_None_sikkemalisa_002_d10_1101_2022_03_10_483747VUHD84,1,0
homosapiens_None_2023_None_sikkemalisa_002_d10_1101_2022_03_10_483747VUHD85,0,8
homosapiens_None_2023_None_sikkemalisa_002_d10_1101_2022_03_10_483747VUHD85,1,14
homosapiens_None_2023_None_sikkemalisa_002_d10_1101_2022_03_10_483747VUHD87,0,0
homosapiens_None_2023_None_sikkemalisa_002_d10_1101_2022_03_10_483747VUHD87,1,0
homosapiens_None_2023_None_sikkemalisa_002_d10_1101_2022_03_10_483747VUHD92,0,58
homosapiens_None_2023_None_sikkemalisa_002_d10_1101_2022_03_10_483747VUHD92,1,17
homosapiens_None_2023_None_sikkemalisa_002_d10_1101_2022_03_10_483747VUHD94,0,35
homosapiens_None_2023_None_sikkemalisa_002_d10_1101_2022_03_10_483747VUHD94,1,20
homosapiens_None_2023_None_sikkemalisa_002_d10_1101_2022_03_10_483747VUHD95,0,74
homosapiens_None_2023_None_sikkemalisa_002_d10_1101_2022_03_10_483747VUHD95,1,41
homosapiens_None_2023_None_sikkemalisa_002_d10_1101_2022_03_10_483747VUHD98,0,1
homosapiens_None_2023_None_sikkemalisa_002_d10_1101_2022_03_10_483747VUHD98,1,2
homosapiens_None_2023_None_sikkemalisa_002_d10_1101_2022_03_10_483747VUILD48,0,0
homosapiens_None_2023_None_sikkemalisa_002_d10_1101_2022_03_10_483747VUILD48,1,0
homosapiens_None_2023_None_sikkemalisa_002_d10_1101_2022_03_10_483747VUILD53,0,0
homosapiens_None_2023_None_sikkemalisa_002_d10_1101_2022_03_10_483747VUILD53,1,0
homosapiens_None_2023_None_sikkemalisa_002_d10_1101_2022_03_10_483747VUILD54,0,0
homosapiens_None_2023_None_sikkemalisa_002_d10_1101_2022_03_10_483747VUILD54,1,0
homosapiens_None_2023_None_sikkemalisa_002_d10_1101_2022_03_10_483747VUILD55,0,0
homosapiens_None_2023_None_sikkemalisa_002_d10_1101_2022_03_10_483747VUILD55,1,0
homosapiens_None_2023_None_sikkemalisa_002_d10_1101_2022_03_10_483747VUILD57,0,0
homosapiens_None_2023_None_sikkemalisa_002_d10_1101_2022_03_10_483747VUILD57,1,0
homosapiens_None_2023_None_sikkemalisa_002_d10_1101_2022_03_10_483747VUILD58,0,0
homosapiens_None_2023_None_sikkemalisa_002_d10_1101_2022_03_10_483747VUILD58,1,0
homosapiens_None_2023_None_sikkemalisa_002_d10_1101_2022_03_10_483747VUILD59,0,0
homosapiens_None_2023_None_sikkemalisa_002_d10_1101_2022_03_10_483747VUILD59,1,0
homosapiens_None_2023_None_sikkemalisa_002_d10_1101_2022_03_10_483747VUILD60,0,0
homosapiens_None_2023_None_sikkemalisa_002_d10_1101_2022_03_10_483747VUILD60,1,0
homosapiens_None_2023_None_sikkemalisa_002_d10_1101_2022_03_10_483747VUILD61,0,0
homosapiens_None_2023_None_sikkemalisa_002_d10_1101_2022_03_10_483747VUILD61,1,0
homosapiens_None_2023_None_sikkemalisa_002_d10_1101_2022_03_10_483747VUILD62,0,0
homosapiens_None_2023_None_sikkemalisa_002_d10_1101_2022_03_10_483747VUILD62,1,0
homosapiens_None_2023_None_sikkemalisa_002_d10_1101_2022_03_10_483747VUILD63,0,0
homosapiens_None_2023_None_sikkemalisa_002_d10_1101_2022_03_10_483747VUILD63,1,0
homosapiens_None_2023_None_sikkemalisa_002_d10_1101_2022_03_10_483747VUILD64,0,0
homosapiens_None_2023_None_sikkemalisa_002_d10_1101_2022_03_10_483747VUILD64,1,0
homosapiens_None_2023_None_sikkemalisa_002_d10_1101_2022_03_10_483747VUILD65,0,0
homosapiens_None_2023_None_sikkemalisa_002_d10_1101_2022_03_10_483747VUILD65,1,0
homosapiens_None_2023_None_sikkemalisa_002_d10_1101_2022_03_10_483747Wunderink2021_subject_1,0,0
homosapiens_None_2023_None_sikkemalisa_002_d10_1101_2022_03_10_483747Wunderink2021_subject_1,1,0
homosapiens_None_2023_None_sikkemalisa_002_d10_1101_2022_03_10_483747Wunderink2021_subject_2,0,0
homosapiens_None_2023_None_sikkemalisa_002_d10_1101_2022_03_10_483747Wunderink2021_subject_2,1,0
homosapiens_None_2023_None_sikkemalisa_002_d10_1101_2022_03_10_483747Wunderink2021_subject_3,0,0
homosapiens_None_2023_None_sikkemalisa_002_d10_1101_2022_03_10_483747Wunderink2021_subject_3,1,0
homosapiens_None_2023_None_sikkemalisa_002_d10_1101_2022_03_10_483747Wunderink2021_subject_4,0,0
homosapiens_None_2023_None_sikkemalisa_002_d10_1101_2022_03_10_483747Wunderink2021_subject_4,1,0
homosapiens_None_2023_None_sikkemalisa_002_d10_1101_2022_03_10_483747Wunderink2021_subject_5,0,0
homosapiens_None_2023_None_sikkemalisa_002_d10_1101_2022_03_10_483747Wunderink2021_subject_5,1,0
homosapiens_None_2023_None_sikkemalisa_002_d10_1101_2022_03_10_483747Wunderink2021_subject_7,0,0
homosapiens_None_2023_None_sikkemalisa_002_d10_1101_2022_03_10_483747Wunderink2021_subject_7,1,0
homosapiens_None_2023_None_sikkemalisa_002_d10_1101_2022_03_10_483747Wunderink2021_subject_8,0,0
homosapiens_None_2023_None_sikkemalisa_002_d10_1101_2022_03_10_483747Wunderink2021_subject_8,1,0
homosapiens_None_2023_None_sikkemalisa_002_d10_1101_2022_03_10_483747Wunderink2021_subject_9,0,0
homosapiens_None_2023_None_sikkemalisa_002_d10_1101_2022_03_10_483747Wunderink2021_subject_9,1,0
homosapiens_None_2023_None_sikkemalisa_002_d10_1101_2022_03_10_483747Wunderink2021_subject_A,0,0
homosapiens_None_2023_None_sikkemalisa_002_d10_1101_2022_03_10_483747Wunderink2021_subject_A,1,0
homosapiens_None_2023_None_sikkemalisa_002_d10_1101_2022_03_10_483747Wunderink2021_subject_B,0,0
homosapiens_None_2023_None_sikkemalisa_002_d10_1101_2022_03_10_483747Wunderink2021_subject_B,1,0
homosapiens_None_2023_None_sikkemalisa_002_d10_1101_2022_03_10_483747ZM3KACng,0,0
homosapiens_None_2023_None_sikkemalisa_002_d10_1101_2022_03_10_483747ZM3KACng,1,0
homosapiens_None_2023_None_sikkemalisa_002_d10_1101_2022_03_10_483747cc01p,0,0
homosapiens_None_2023_None_sikkemalisa_002_d10_1101_2022_03_10_483747cc01p,1,0
homosapiens_None_2023_None_sikkemalisa_002_d10_1101_2022_03_10_483747cc02p,0,0
homosapiens_None_2023_None_sikkemalisa_002_d10_1101_2022_03_10_483747cc02p,1,0
homosapiens_None_2023_None_sikkemalisa_002_d10_1101_2022_03_10_483747cc05p,0,0
homosapiens_None_2023_None_sikkemalisa_002_d10_1101_2022_03_10_483747cc05p,1,0
homosapiens_None_2023_None_sikkemalisa_002_d10_1101_2022_03_10_483747dd49p,0,0
homosapiens_None_2023_None_sikkemalisa_002_d10_1101_2022_03_10_483747dd49p,1,0
homosapiens_None_2023_None_sikkemalisa_002_d10_1101_2022_03_10_483747donor 1,0,31
homosapiens_None_2023_None_sikkemalisa_002_d10_1101_2022_03_10_483747donor 1,1,32
homosapiens_None_2023_None_sikkemalisa_002_d10_1101_2022_03_10_483747donor 2,0,502
homosapiens_None_2023_None_sikkemalisa_002_d10_1101_2022_03_10_483747donor 2,1,627
homosapiens_None_2023_None_sikkemalisa_002_d10_1101_2022_03_10_483747donor 3,0,152
homosapiens_None_2023_None_sikkemalisa_002_d10_1101_2022_03_10_483747donor 3,1,246
homosapiens_None_2023_None_sikkemalisa_002_d10_1101_2022_03_10_483747h18,0,0
homosapiens_None_2023_None_sikkemalisa_002_d10_1101_2022_03_10_483747h18,1,0
homosapiens_None_2023_None_sikkemalisa_002_d10_1101_2022_03_10_483747lafy_donor_1,0,0
homosapiens_None_2023_None_sikkemalisa_002_d10_1101_2022_03_10_483747lafy_donor_1,1,0
homosapiens_None_2023_None_sikkemalisa_002_d10_1101_2022_03_10_483747lafy_donor_2,0,0
homosapiens_None_2023_None_sikkemalisa_002_d10_1101_2022_03_10_483747lafy_donor_2,1,0
homosapiens_None_2023_None_sikkemalisa_002_d10_1101_2022_03_10_483747lafy_donor_3,0,0
homosapiens_None_2023_None_sikkemalisa_002_d10_1101_2022_03_10_483747lafy_donor_3,1,0
homosapiens_None_2023_None_sikkemalisa_002_d10_1101_2022_03_10_483747lafy_donor_4,0,7
homosapiens_None_2023_None_sikkemalisa_002_d10_1101_2022_03_10_483747lafy_donor_4,1,2
homosapiens_None_2023_None_sikkemalisa_002_d10_1101_2022_03_10_483747lafy_donor_5,0,0
homosapiens_None_2023_None_sikkemalisa_002_d10_1101_2022_03_10_483747lafy_donor_5,1,0
homosapiens_None_2023_None_sikkemalisa_002_d10_1101_2022_03_10_483747lafy_donor_6,0,3
homosapiens_None_2023_None_sikkemalisa_002_d10_1101_2022_03_10_483747lafy_donor_6,1,2
homosapiens_None_2023_None_sikkemalisa_002_d10_1101_2022_03_10_483747lambrechts_1,0,0
homosapiens_None_2023_None_sikkemalisa_002_d10_1101_2022_03_10_483747lambrechts_1,1,0
homosapiens_None_2023_None_sikkemalisa_002_d10_1101_2022_03_10_483747lambrechts_2,0,0
homosapiens_None_2023_None_sikkemalisa_002_d10_1101_2022_03_10_483747lambrechts_2,1,0
homosapiens_None_2023_None_sikkemalisa_002_d10_1101_2022_03_10_483747lambrechts_3,0,0
homosapiens_None_2023_None_sikkemalisa_002_d10_1101_2022_03_10_483747lambrechts_3,1,0
homosapiens_None_2023_None_sikkemalisa_002_d10_1101_2022_03_10_483747lambrechts_4,0,0
homosapiens_None_2023_None_sikkemalisa_002_d10_1101_2022_03_10_483747lambrechts_4,1,0
homosapiens_None_2023_None_sikkemalisa_002_d10_1101_2022_03_10_483747lambrechts_5,0,0
homosapiens_None_2023_None_sikkemalisa_002_d10_1101_2022_03_10_483747lambrechts_5,1,0
homosapiens_None_2023_None_sikkemalisa_002_d10_1101_2022_03_10_483747lambrechts_6,0,0
homosapiens_None_2023_None_sikkemalisa_002_d10_1101_2022_03_10_483747lambrechts_6,1,0
homosapiens_None_2023_None_sikkemalisa_002_d10_1101_2022_03_10_483747lambrechts_7,0,0
homosapiens_None_2023_None_sikkemalisa_002_d10_1101_2022_03_10_483747lambrechts_7,1,0
homosapiens_None_2023_None_sikkemalisa_002_d10_1101_2022_03_10_483747lambrechts_8,0,0
homosapiens_None_2023_None_sikkemalisa_002_d10_1101_2022_03_10_483747lambrechts_8,1,0
homosapiens_None_2023_None_sikkemalisa_002_d10_1101_2022_03_10_483747muc10380,0,35
homosapiens_None_2023_None_sikkemalisa_002_d10_1101_2022_03_10_483747muc10380,1,1
homosapiens_None_2023_None_sikkemalisa_002_d10_1101_2022_03_10_483747muc10381,0,13
homosapiens_None_2023_None_sikkemalisa_002_d10_1101_2022_03_10_483747muc10381,1,1
homosapiens_None_2023_None_sikkemalisa_002_d10_1101_2022_03_10_483747muc3843,0,0
homosapiens_None_2023_None_sikkemalisa_002_d10_1101_2022_03_10_483747muc3843,1,0
homosapiens_None_2023_None_sikkemalisa_002_d10_1101_2022_03_10_483747muc4658,0,0
homosapiens_None_2023_None_sikkemalisa_002_d10_1101_2022_03_10_483747muc4658,1,0
homosapiens_None_2023_None_sikkemalisa_002_d10_1101_2022_03_10_483747muc5103,0,0
homosapiens_None_2023_None_sikkemalisa_002_d10_1101_2022_03_10_483747muc5103,1,0
homosapiens_None_2023_None_sikkemalisa_002_d10_1101_2022_03_10_483747muc5105,0,0
homosapiens_None_2023_None_sikkemalisa_002_d10_1101_2022_03_10_483747muc5105,1,0
homosapiens_None_2023_None_sikkemalisa_002_d10_1101_2022_03_10_483747muc5212,0,0
homosapiens_None_2023_None_sikkemalisa_002_d10_1101_2022_03_10_483747muc5212,1,0
homosapiens_None_2023_None_sikkemalisa_002_d10_1101_2022_03_10_483747muc5213,0,0
homosapiens_None_2023_None_sikkemalisa_002_d10_1101_2022_03_10_483747muc5213,1,0
homosapiens_None_2023_None_sikkemalisa_002_d10_1101_2022_03_10_483747muc8257,0,96
homosapiens_None_2023_None_sikkemalisa_002_d10_1101_2022_03_10_483747muc8257,1,2
homosapiens_None_2023_None_sikkemalisa_002_d10_1101_2022_03_10_483747muc9826,0,0
homosapiens_None_2023_None_sikkemalisa_002_d10_1101_2022_03_10_483747muc9826,1,0
homosapiens_None_2023_None_sikkemalisa_002_d10_1101_2022_03_10_483747muc9832,0,0
homosapiens_None_2023_None_sikkemalisa_002_d10_1101_2022_03_10_483747muc9832,1,0
homosapiens_None_2023_None_sikkemalisa_002_d10_1101_2022_03_10_483747muc9833,0,24
homosapiens_None_2023_None_sikkemalisa_002_d10_1101_2022_03_10_483747muc9833,1,1
